,n_pairs_insample,portfolio_sharpe_ratio_insample,portfolio_vol_insample,avg_total_roi_insample,avg_annual_roi_insample,total_trades_insample,positive_trades_insample,negative_trades_insample,max_dd_insample,max_dd_duration_insample,total_dd_duration_insample,pct_positive_trades_per_pair_insample,pct_pairs_with_positive_results_insample,avg_half_life_insample,avg_hurst_exponent_insample,count_pairs_sharpe_dist_insample,mean_pairs_sharpe_dist_insample,std_pairs_sharpe_dist_insample,min_pairs_sharpe_dist_insample,25%_pairs_sharpe_dist_insample,50%_pairs_sharpe_dist_insample,75%_pairs_sharpe_dist_insample,max_pairs_sharpe_dist_insample,n_pairs_oosample,portfolio_sharpe_ratio_oosample,portfolio_vol_oosample,avg_total_roi_oosample,avg_annual_roi_oosample,total_trades_oosample,positive_trades_oosample,negative_trades_oosample,max_dd_oosample,max_dd_duration_oosample,total_dd_duration_oosample,pct_positive_trades_per_pair_oosample,pct_pairs_with_positive_results_oosample,avg_half_life_oosample,avg_hurst_exponent_oosample,count_pairs_sharpe_dist_oosample,mean_pairs_sharpe_dist_oosample,std_pairs_sharpe_dist_oosample,min_pairs_sharpe_dist_oosample,25%_pairs_sharpe_dist_oosample,50%_pairs_sharpe_dist_oosample,75%_pairs_sharpe_dist_oosample,max_pairs_sharpe_dist_oosample,train_period_start,train_period_end,validation_period,test_period_start,test_period_end,seed,n_clusters,clust_algo,distance_measure,n_principal_components,explained_variance,infomax_hofs,infomax_hofk,qvalue_threshold,multiple_hypothesis_correction_method,no_found_pairs_from_clustering,pvalue_threshold,hurst_threshold,min_zero_crossings,count_coint_pvals_dist,mean_coint_pvals_dist,std_coint_pvals_dist,min_coint_pvals_dist,25%_coint_pvals_dist,50%_coint_pvals_dist,75%_coint_pvals_dist,max_coint_pvals_dist
0,7.0,0.16355771358297988,0.0027013436274970974,11.731296289303865,11.731296289303872,26.0,19.0,7.0,-2.428190942360737,9.0,92.0,83.92857142857143,85.71428571428571,894.0,0.36304034246168077,7.0,1.3023221490619197,0.8619450585315923,-0.6057466126037645,1.4012814658410448,1.5514223298628533,1.740204006018117,1.887608382456024,7.0,0.24607606141835578,0.0034055057739744627,23.766170162098284,23.766170162098277,27.0,20.0,7.0,-2.1852539680158913,4.0,76.0,84.50549450549451,71.42857142857143,894.0,0.3630403424616807,7.0,1.3828133217762333,1.9611573941973715,-1.0023752004555189,0.11643094417570671,1.2431674749211787,2.3044663671503693,4.5971063553158205,01-01-2013,31-12-2015,2015-01-01,01-01-2016,31-12-2016,109,34,kmeans,euclidean,-1,-1,0.6432761793846853,0.45358685544796257,0.1,Benjamini Yekutieli,362.0,0.1,0.5,12,486.0,0.310441633631356,0.23724476792285773,0.0006959260548662252,0.10944707126954822,0.272556115549878,0.43908769523275704,0.99
0,44.0,0.22680037782680804,0.001995899289052232,12.085760105203574,12.085760105203569,164.0,132.0,32.0,-0.8670762509512387,5.0,99.0,83.69318181818181,84.0909090909091,1076.4545454545455,0.3533215639111957,44.0,1.2614240305486526,1.127800358719271,-0.9886173862690956,0.4694789033714965,1.1862772640637234,2.1618680580642624,3.846189115488816,44.0,0.1772537863439008,0.0013074200419907003,6.3602508018848,6.360250801884804,108.0,79.0,29.0,-1.1793548570043373,8.0,101.0,73.86072261072262,72.72727272727273,1076.4545454545455,0.3533215639111957,44.0,0.8987917196833739,1.3739772721002743,-1.7055410125710773,-0.0598968760743592,1.0587353156797472,1.7173748022235562,4.744320957771939,01-01-2013,31-12-2015,2015-01-01,01-01-2016,31-12-2016,109,38,kmeans,euclidean,-1,-1,0.6981104748655981,0.42531896100868444,0.1,Benjamini Yekutieli,232.0,0.1,0.5,12,106.0,0.18494711361642077,0.2776606268590023,0.0006959260548662252,0.015143399706404985,0.055949385998553355,0.1800947906497845,0.99
0,59.0,0.25824744181206455,0.0019672709480167403,13.662150470303915,13.662150470303924,213.0,176.0,37.0,-0.8273697285822517,0.0,97.0,84.23728813559322,86.44067796610169,1171.4237288135594,0.35543272768760986,59.0,1.3528588359719755,1.1169269103223416,-0.9886173862690956,0.6166559769999844,1.4566582530618555,2.1222901608580247,3.846189115488816,59.0,0.25125414513772937,0.0012123762034820674,8.339991560623876,8.339991560623883,138.0,103.0,35.0,-0.8335943224950049,7.0,92.0,74.99778956675509,74.57627118644068,1171.4237288135594,0.35543272768760986,59.0,0.9940040206217501,1.3327858487916615,-1.7055410125710773,0.09229871992257273,1.0241751157764576,1.7412468384012723,4.744320957771939,01-01-2013,31-12-2015,2015-01-01,01-01-2016,31-12-2016,109,42,kmeans,euclidean,-1,-1,0.7185124188083303,0.4199629787382916,0.1,Benjamini Yekutieli,214.0,0.1,0.5,12,73.0,0.0456575548934171,0.056338900941730156,0.0006959260548662252,0.012584538770043755,0.03295711539934668,0.06621896181724257,0.32978233955232983
0,33.0,0.264518718840501,0.0012059009991234211,8.40606181641007,8.406061816410059,127.0,92.0,35.0,-0.8429274288925777,42.0,107.0,74.21717171717171,81.81818181818181,535.3333333333334,0.3165657422545097,33.0,1.0329625685166755,1.0788688374747943,-0.9886173862690956,0.3961657607306167,1.0143545562908487,1.7280511584234468,3.5317291209699957,33.0,0.09125500417253198,0.0018917759357207518,4.771191627585677,4.77119162758568,86.0,60.0,26.0,-1.8286777954557034,12.0,105.0,67.16783216783216,60.60606060606061,535.3333333333334,0.3165657422545096,33.0,0.586344913023697,1.498202622549424,-1.7055410125710773,-0.6909763424387518,0.8622170642944839,1.562277843931292,4.744320957771939,01-01-2013,31-12-2015,2015-01-01,01-01-2016,31-12-2016,109,50,kmeans,euclidean,-1,-1,0.7771481745542412,0.4116916891242958,0.1,Benjamini Yekutieli,145.0,0.1,0.5,12,48.0,0.04678992373200653,0.04332328497727098,0.0006959260548662252,0.013265112363396524,0.03347504842077966,0.0774489889897314,0.18959867774979688
0,35.0,0.21734173477705218,0.0015936210039708713,9.14109625405337,9.141096254053371,120.0,96.0,24.0,-1.3516622462476457,5.0,96.0,83.78571428571429,82.85714285714286,716.4285714285714,0.3522876135704812,35.0,1.119920567589141,1.0325991643899775,-0.6057466126037645,0.4220618679924921,1.0569505156148058,1.8275939857783343,3.5317291209699957,35.0,0.15706588254969645,0.0019630232832896716,8.41934456387959,8.419344563879584,91.0,70.0,21.0,-1.0690940252993397,7.0,107.0,79.75824175824175,77.14285714285714,716.4285714285714,0.3522876135704812,35.0,1.0107846109942094,1.2394122184450513,-1.346073738311134,0.17683233285944874,1.2431674749211787,1.8373951052073128,3.1407312475739073,01-01-2013,31-12-2015,2015-01-01,01-01-2016,31-12-2016,109,26,complete,cosine,-1,-1,0.6029502292803357,0.4993757794085005,0.1,Benjamini Yekutieli,390.0,0.1,0.5,12,190.0,0.1730552260106623,0.19123541729425494,0.0006959260548662252,0.02781648556885586,0.09647725524299394,0.260730532157914,0.9467870381879085
0,35.0,0.22308147435104272,0.0024958111960120713,15.022132843857486,15.022132843857495,116.0,97.0,19.0,-2.0485669053072773,0.0,104.0,88.35714285714286,85.71428571428571,913.0,0.34775894925849443,35.0,1.429010917875353,1.056785162697571,-0.6057466126037645,0.6166559769999844,1.5514223298628533,2.2999463814556367,3.5317291209699957,35.0,0.17120961089973558,0.0021939511748624626,10.264498401721804,10.264498401721811,82.0,63.0,19.0,-1.6789637021366508,12.0,107.0,82.13919413919415,77.14285714285714,913.0,0.34775894925849443,35.0,1.1062084049216683,1.1924500664430728,-1.346073738311134,0.2752203810214538,1.561816677941232,1.830020948122474,3.1407312475739073,01-01-2013,31-12-2015,2015-01-01,01-01-2016,31-12-2016,109,26,average,cosine,-1,-1,0.579384765996761,0.4377099407403036,0.1,Benjamini Yekutieli,486.0,0.1,0.5,12,232.0,0.26507849299687564,0.2881155207042784,0.0006959260548662252,0.04021419807102436,0.12981519631747077,0.42624183154808293,0.99
0,74.0,0.32919564114087496,0.0015938275652238438,14.154461257225307,14.154461257225304,230.0,188.0,42.0,-0.913344357398078,32.0,88.0,84.6917808219178,85.13513513513513,1528.7162162162163,0.3800382987373657,74.0,1.2765453236850395,1.1180075947891972,-0.9886173862690956,0.7054941393136313,1.2527540045174912,1.8576011841171791,4.791030392574146,74.0,0.26585123617093676,0.0014312018173453984,10.43161832292873,10.431618322928738,163.0,130.0,33.0,-1.3189134643362836,12.0,86.0,81.98024948024947,83.78378378378379,1528.7162162162163,0.3800382987373657,74.0,1.0939228880331864,1.1750111090714563,-1.7055410125710773,0.5011098383062049,1.116400059759255,1.8507865900637979,4.744320957771939,01-01-2013,31-12-2015,2015-01-01,01-01-2016,31-12-2016,109,34,complete,euclidean,-1,-1,0.6189503908869722,0.44666858384075253,0.1,Benjamini Yekutieli,442.0,0.1,0.5,12,188.0,0.1491322415110314,0.2301099700275533,0.0006959260548662252,0.01923958507780872,0.05804921166152766,0.123607470297221,0.99
0,7.0,0.13241023880548108,0.002349206281786567,8.132604929100316,8.132604929100307,30.0,21.0,9.0,-3.811449797742507,42.0,82.0,76.78571428571429,85.71428571428571,397.14285714285717,0.32374531929650174,7.0,1.126615037245545,1.109415567846712,-0.6057466126037645,0.4334262104495688,1.46370201568736,1.7195153561594387,2.7224667244172056,7.0,0.05892088999983997,0.0027281101492564377,4.388012157541762,4.388012157541765,28.0,19.0,9.0,-4.445951452104084,169.0,92.0,70.21978021978022,42.857142857142854,397.14285714285717,0.32374531929650174,7.0,0.28255331358645974,1.4561171775783703,-1.0023752004555189,-0.7813634379647654,-0.05623895630717761,0.7661341597898849,3.066945908217676,01-01-2013,31-12-2015,2015-01-01,01-01-2016,31-12-2016,109,34,single,cosine,-1,-1,0.6307596832468195,0.39322925862435115,0.1,Benjamini Yekutieli,391.0,0.1,0.5,12,173.0,0.12101752270632608,0.1523905113653006,0.0006959260548662252,0.033187406561808255,0.0776488978684925,0.1590277971323037,0.9840929097284721
0,103.0,0.2550216302381655,0.0021022235343071773,14.456692893759625,14.456692893759637,302.0,248.0,54.0,-1.2003180192469174,0.0,93.0,84.1978733240869,90.29126213592232,1333.8252427184466,0.36367255363483303,103.0,1.3286576316170386,1.0166824464580346,-1.814060403122119,0.7387079505735271,1.3825930498211332,2.0219662271092806,3.846189115488816,103.0,0.24101154247304582,0.0013712521841306373,9.042788371435512,9.042788371435506,219.0,164.0,55.0,-1.3247151486463358,5.0,95.0,79.5086816373945,80.58252427184466,1333.8252427184466,0.36367255363483314,103.0,0.9730286370062944,1.1362457812715459,-1.7055410125710773,0.4428282637287729,1.0436725464012997,1.682068921256707,4.744320957771939,01-01-2013,31-12-2015,2015-01-01,01-01-2016,31-12-2016,109,42,average,l1,-1,-1,0.6687340148716704,0.4111720677801072,0.1,Benjamini Yekutieli,365.0,0.1,0.5,12,104.0,0.045223595314610926,0.03698554550352726,0.0006959260548662252,0.014005380542472414,0.03748434463184795,0.0731623284132787,0.2305810231776979
0,64.0,0.2942993679538726,0.0019280651714549506,15.376941837558041,15.376941837558045,215.0,178.0,37.0,-0.8181509750005198,4.0,91.0,85.6640625,87.5,1367.0,0.38436612583336094,64.0,1.36457960538783,1.0434169862220866,-0.9886173862690956,0.8513484403553322,1.4282257447283935,2.0775747678171648,3.846189115488816,64.0,0.3133659810280992,0.0014473897126231052,12.485164784519721,12.485164784519732,137.0,106.0,31.0,-1.1241420996646718,5.0,89.0,78.33119658119658,73.4375,1367.0,0.38436612583336094,64.0,1.0569843764911475,1.406887181901286,-1.7055410125710773,0.0,1.0849384750247344,1.8601707700891026,4.744320957771939,01-01-2013,31-12-2015,2015-01-01,01-01-2016,31-12-2016,109,14,spectral,nearest_neighbors,-1,-1,0.5579932052490182,0.3338229270071961,0.1,Benjamini Yekutieli,376.0,0.1,0.5,12,155.0,0.14115410047226315,0.19855336813446378,0.0006959260548662252,0.021804842842115577,0.05557829139573305,0.14637134753021358,0.937901970632137
0,64.0,0.3573812142177356,0.0015984867928859258,15.50362618145,15.503626181450002,200.0,165.0,35.0,-0.7280057331013935,1.0,86.0,84.30989583333333,87.5,1284.984375,0.3776007643178997,64.0,1.3521518926329332,1.0464605416896235,-0.9886173862690956,0.9032624079935874,1.3817066747078872,2.0119148389617068,3.846189115488816,64.0,0.23438085687837334,0.0018615709798217596,11.984510921651708,11.984510921651715,137.0,107.0,30.0,-1.8793365191483133,11.0,86.0,79.50609499789827,75.0,1284.984375,0.3776007643178997,64.0,0.9674123033123248,1.342390250692683,-1.7055410125710773,0.0,1.0107246233657738,1.6582186301740942,5.109995660671211,01-01-2013,31-12-2015,2015-01-01,01-01-2016,31-12-2016,109,18,spectral,nearest_neighbors,-1,-1,0.6102697635654306,0.3949855846307881,0.1,Benjamini Yekutieli,282.0,0.1,0.5,12,95.0,0.08206261819926901,0.13967152240167016,0.0006959260548662252,0.020160328348994935,0.039981340820384396,0.08704198822846024,0.9332037372766284
0,66.0,0.26041878760403764,0.002103232455534605,14.795546034305382,14.795546034305374,209.0,174.0,35.0,-0.9579922792975173,0.0,96.0,84.8989898989899,89.39393939393939,1046.878787878788,0.3719379606731964,66.0,1.2528238427166831,0.9472270398427822,-0.7291011581041007,0.7639094293093265,1.1759323071151755,1.8490732388541349,3.5317291209699957,66.0,0.2227674916472332,0.0021567903017035038,13.225960515451323,13.22596051545133,145.0,117.0,28.0,-1.8579686463629903,11.0,97.0,83.0749506903353,81.81818181818181,1046.878787878788,0.3719379606731964,66.0,1.0981685924760702,1.260647363857524,-1.3909944519754693,0.3791148097221816,1.0364544223490353,1.6839723167851226,5.109995660671211,01-01-2013,31-12-2015,2015-01-01,01-01-2016,31-12-2016,109,22,spectral,nearest_neighbors,-1,-1,0.6336600595067591,0.41741503389031853,0.1,Benjamini Yekutieli,258.0,0.1,0.5,12,78.0,0.05183364978731273,0.08948420921917964,0.0006959260548662252,0.013531584188210087,0.02635064559713278,0.05390763756601953,0.5469439095078527
0,46.0,0.35633025151957354,0.0013339087353765387,12.75435818360017,12.754358183600178,166.0,125.0,41.0,-0.6396355257088956,19.0,89.0,76.88405797101449,84.78260869565217,805.5,0.3464218924805103,46.0,1.2111705981518361,1.1109625992661842,-0.9886173862690956,0.48485521652129276,1.2230022057152112,2.038574166909894,3.5317291209699957,46.0,0.2105117939154141,0.0018313372167919268,10.553769336201787,10.553769336201778,108.0,79.0,29.0,-1.9439994638431959,12.0,100.0,73.18561872909699,69.56521739130434,805.5,0.3464218924805103,46.0,0.7877993420777026,1.4941172464402652,-1.7055410125710773,-0.10643737632208272,0.973230336080296,1.503997329993522,5.109995660671211,01-01-2013,31-12-2015,2015-01-01,01-01-2016,31-12-2016,109,26,spectral,nearest_neighbors,-1,-1,0.6763879082946992,0.4073492603066064,0.1,Benjamini Yekutieli,203.0,0.1,0.5,12,57.0,0.04765345449954158,0.05285866246951118,0.0006959260548662252,0.013945082554870052,0.03295711539934668,0.06902005330182058,0.30196792416724216
0,45.0,0.33416324391101865,0.0014625043808191576,13.131579389770618,13.131579389770609,158.0,121.0,37.0,-0.6503133380035079,3.0,89.0,79.7037037037037,88.88888888888889,1263.111111111111,0.3668578927023723,45.0,1.2620866771008872,1.0726987191339576,-0.9886173862690956,0.5273608855796084,1.3997932363949315,1.9144009544564407,3.5317291209699957,45.0,0.16806624204922815,0.002194549639029812,10.080188273760873,10.080188273760871,102.0,73.0,29.0,-2.572555393551292,9.0,99.0,74.62678062678062,71.11111111111111,1263.111111111111,0.3668578927023723,45.0,0.7991738646544819,1.3313142181100197,-1.7055410125710773,-0.07087063537590398,1.0032694258162844,1.6327988559472613,4.5971063553158205,01-01-2013,31-12-2015,2015-01-01,01-01-2016,31-12-2016,109,30,spectral,nearest_neighbors,-1,-1,0.6992840871411111,0.4123240363599479,0.1,Benjamini Yekutieli,181.0,0.1,0.5,12,52.0,0.05033521737574315,0.1166478560154713,0.0007412736721460212,0.010845721342457867,0.022013835325253375,0.054833577433376496,0.8431656021863503
0,27.0,0.2371520785566578,0.0018492842185564894,11.692875887722202,11.69287588772221,93.0,74.0,19.0,-1.2712511251404335,21.0,100.0,80.0925925925926,81.48148148148148,831.3703703703703,0.34803129930256305,27.0,1.1616311190214883,1.0700932820708926,-0.7291011581041007,0.8050945021027858,1.2598989009035866,1.7594245707815372,3.5317291209699957,27.0,0.11957291244393739,0.0025384627758010567,8.268256642617594,8.268256642617589,65.0,49.0,16.0,-3.0878108299136353,12.0,107.0,77.36686390532545,70.37037037037037,831.3703703703703,0.3480312993025631,27.0,0.7649216503672049,1.2334789046619077,-1.3909944519754693,-0.028119478153588805,0.9991382186570021,1.5257306190673812,3.3097982271480473,01-01-2013,31-12-2015,2015-01-01,01-01-2016,31-12-2016,109,34,spectral,nearest_neighbors,-1,-1,0.7423773102457961,0.29651323491817905,0.1,Benjamini Yekutieli,131.0,0.1,0.5,12,39.0,0.07146430896140424,0.1070153010483446,0.0006959260548662252,0.01731914152047672,0.03399298144221264,0.08678969166661218,0.5833933722599575
0,41.0,0.3580073304541965,0.0014610902670472352,14.11304054525703,14.11304054525704,114.0,88.0,26.0,-0.5709321190045304,0.0,86.0,78.45528455284553,82.92682926829268,1217.9756097560976,0.3789575569050628,41.0,1.127003829517555,1.1775654807120854,-1.814060403122119,0.4046095948097303,1.2021677969915612,1.887608382456024,3.471587314621663,41.0,0.21515665221033936,0.0015878161561754753,9.351839469754697,9.351839469754708,97.0,73.0,24.0,-1.4807491301265945,12.0,90.0,81.69186938417708,75.60975609756098,1217.9756097560976,0.3789575569050628,41.0,0.9455499123603439,1.0373025396272688,-1.3443518212900079,0.0,1.0032694258162844,1.6327988559472613,3.3097982271480473,01-01-2013,31-12-2015,2015-01-01,01-01-2016,31-12-2016,109,38,spectral,nearest_neighbors,-1,-1,0.7482293977899906,0.31144747022868274,0.1,Benjamini Yekutieli,129.0,0.1,0.5,12,41.0,0.040039381086365365,0.0336720200288949,0.0008991632994452219,0.011111744996744544,0.027456071902271385,0.06621896181724257,0.09894276635360372
0,21.0,0.17513766805984618,0.0022500142582543236,10.427706921023745,10.427706921023749,67.0,48.0,19.0,-1.6355816513618857,13.0,108.0,74.4047619047619,71.42857142857143,1101.0,0.3904246987914369,21.0,0.8155592272075926,0.993601797791978,-0.7291011581041007,-0.402838091011601,1.0155847835982323,1.6930306477060293,2.1382994639154917,21.0,0.11790875391001394,0.00276386484995451,8.87892843843546,8.878928438435452,62.0,45.0,17.0,-3.125450416227541,11.0,93.0,73.16849816849816,66.66666666666667,1101.0,0.3904246987914369,21.0,0.8743625765271992,1.504335923677896,-1.3443518212900079,-0.07087063537590398,0.8501634210432596,1.784969455785846,3.715702459584125,01-01-2013,31-12-2015,2015-01-01,01-01-2016,31-12-2016,109,42,spectral,nearest_neighbors,-1,-1,0.7710295824036552,0.33325377239652887,0.1,Benjamini Yekutieli,113.0,0.1,0.5,12,36.0,0.06361150759855368,0.10699928633249522,0.0008991632994452219,0.013941802011143669,0.03308507604910542,0.08366230346362111,0.6333933831277279
0,27.0,0.24005240680717166,0.001802354328930619,11.530679047455713,11.530679047455706,80.0,59.0,21.0,-1.542177717760987,15.0,98.0,79.01234567901234,81.48148148148148,1535.037037037037,0.39742438476642467,27.0,1.0135995880716069,0.8643955459997739,-0.7291011581041007,0.6701465022196417,1.1097001448980865,1.6219017954030066,2.2026988317966167,27.0,0.14889596777071068,0.003285023819951798,13.409415475931716,13.409415475931707,62.0,48.0,14.0,-4.079201001403942,11.0,99.0,82.52611585944918,77.77777777777777,1535.037037037037,0.3974243847664247,27.0,0.948453577246513,1.2780957670370323,-1.3443518212900079,0.11346677807853658,0.9991382186570021,1.5257306190673812,3.939779597494133,01-01-2013,31-12-2015,2015-01-01,01-01-2016,31-12-2016,109,46,spectral,nearest_neighbors,-1,-1,0.7874972561322261,0.2774579899359257,0.1,Benjamini Yekutieli,99.0,0.1,0.5,12,34.0,0.050336403507402316,0.05972201075013161,0.0003978754006897071,0.007901789669700555,0.02794884974990865,0.07009282580740925,0.2550506525077917
0,20.0,0.20089266026082686,0.002062243385058279,11.001898686318889,11.001898686318889,59.0,42.0,17.0,-1.5718133075707215,23.0,113.0,76.875,75.0,1398.85,0.3800420948810467,20.0,0.9705545657343608,0.9669716995348442,-0.6057466126037645,0.5294597527772483,1.0690183584777648,1.7503217374125835,2.5384977169192386,20.0,0.08145404623277198,0.003727736707012712,8.200789244980575,8.200789244980577,54.0,43.0,11.0,-3.634588654509478,12.0,102.0,85.69500674763833,70.0,1398.85,0.3800420948810467,20.0,0.8686389234074319,1.2182059759618007,-1.3178010894600993,-0.014059739076794402,0.8561902426688717,1.5019165169691946,3.3097982271480473,01-01-2013,31-12-2015,2015-01-01,01-01-2016,31-12-2016,109,50,spectral,nearest_neighbors,-1,-1,0.8073555310467366,0.26154448928945134,0.1,Benjamini Yekutieli,84.0,0.1,0.5,12,32.0,0.07629035172163656,0.1040467502618472,0.0003978754006897071,0.013383369036680998,0.03727683665136555,0.08664897823611147,0.4511488693878882
0,14.0,0.1829410924497336,0.002703723148500188,13.230715473878854,13.230715473878863,46.0,37.0,9.0,-2.6637396079029134,43.0,111.0,85.59173669467786,85.71428571428571,1413.7857142857142,0.4214899673749578,14.0,1.1896948304290238,1.1223625959221013,-0.6057466126037645,0.5874772906967872,1.1092676147112157,1.6250557615622414,3.9430018034889756,14.0,0.11966925666926659,0.0047048740347259916,15.465599454821879,15.465599454821888,48.0,40.0,8.0,-4.869336100230256,12.0,103.0,82.96703296703296,78.57142857142857,1413.7857142857142,0.4214899673749578,14.0,1.2581733976639224,1.348813453343846,-0.8544693752541296,0.2064073685037654,1.4017348806026224,1.8569283828353482,4.683898682639466,01-01-2013,31-12-2015,2015-01-01,01-01-2016,31-12-2016,109,54,spectral,nearest_neighbors,-1,-1,0.8226107819533505,0.2660132545900973,0.1,Benjamini Yekutieli,76.0,0.1,0.5,12,20.0,0.04625099770772329,0.04943766883132987,0.0003978754006897071,0.007395910873694175,0.0261861518057395,0.07863919322846302,0.1677795690639159
0,5.0,0.08955979441386966,0.004586535332884612,10.68901169533476,10.68901169533476,15.0,10.0,5.0,-6.181455183720661,22.0,92.0,87.5,80.0,1041.2,0.40146883514143417,5.0,1.008891044010258,1.1361316388246883,-0.6057466126037645,0.7678265060483239,0.9286619522709344,1.4211311031308775,2.53258227120492,5.0,0.02668291445994556,0.010785269231477554,7.013585145246158,7.013585145246148,21.0,15.0,6.0,-13.978401505574285,12.0,85.0,82.3076923076923,60.0,1041.2,0.40146883514143417,5.0,0.8232950064727568,0.8637350304356142,-0.07087063537590398,-0.05623895630717761,1.0032694258162844,1.3870590687290614,1.8532561295015204,01-01-2013,31-12-2015,2015-01-01,01-01-2016,31-12-2016,109,58,spectral,nearest_neighbors,-1,-1,0.8190785267702746,0.2835052672828693,0.1,Benjamini Yekutieli,80.0,0.1,0.5,12,29.0,0.20181434006678903,0.2212559388556252,0.0008991632994452219,0.05419926368051878,0.09500187802752691,0.32208515626985773,0.7253795885397568
0,2.0,0.10305640502379643,0.0037933392081489813,10.214348250571925,10.214348250571925,2.0,2.0,0.0,-4.479993091838226,11.0,35.0,100.0,100.0,1156.5,0.4795979777309523,2.0,1.233257785185428,0.26569299424648724,1.0453844672399786,1.1393211262127032,1.233257785185428,1.327194444158153,1.4211311031308775,2.0,0.109301930470985,0.004915260601497339,14.576776682524427,14.57677668252444,3.0,2.0,1.0,-5.4249879158924585,4.0,42.0,75.0,100.0,1156.5,0.4795979777309523,2.0,1.3941194408010653,0.5527453920452045,1.0032694258162844,1.1986944333086749,1.3941194408010653,1.5895444482934555,1.784969455785846,01-01-2013,31-12-2015,2015-01-01,01-01-2016,31-12-2016,109,66,spectral,nearest_neighbors,-1,-1,0.8587950765992954,0.22315633052156397,0.1,Benjamini Yekutieli,56.0,0.1,0.5,12,13.0,0.09676652448058477,0.09510582573501244,0.0023416071353423696,0.052616721131945786,0.08171787572339378,0.09500187802752691,0.3075400266726734
0,4.0,0.17245412726079876,0.0030474960678332696,14.078175531441534,14.078175531441527,7.0,7.0,0.0,-2.0409949492274784,21.0,70.0,100.0,100.0,1168.75,0.4516638290104814,4.0,1.3289941963414869,0.8196389772483907,0.4479579752543676,0.8960278442435758,1.233257785185428,1.666224137283339,2.401503239740723,4.0,0.22611769146641006,0.003373758104365067,21.49933030926171,21.4993303092617,10.0,9.0,1.0,-2.955253825021562,4.0,43.0,87.5,100.0,1168.75,0.4516638290104814,4.0,2.0313012787368194,1.1180364386358428,1.0032694258162844,1.536629737458663,1.7496929818959843,2.2443645231741405,3.6225497253390246,01-01-2013,31-12-2015,2015-01-01,01-01-2016,31-12-2016,109,70,spectral,nearest_neighbors,-1,-1,0.8485182597586817,0.29135933142212156,0.1,Benjamini Yekutieli,67.0,0.1,0.5,12,23.0,0.194726684992178,0.18962397494855635,0.0023416071353423696,0.04928570438826797,0.10678602926492164,0.35659280285096473,0.6646359012506353
0,4.0,0.1356875962184079,0.002042156831525596,7.232267430224299,7.232267430224293,7.0,7.0,0.0,-2.058831303154896,11.0,46.0,100.0,100.0,704.0,0.4053517021968991,4.0,1.067776202515258,0.6738720620703708,0.4479579752543676,0.6878593733498348,0.9066054866441513,1.2865223158095742,2.0099358615183616,4.0,0.1802485127502354,0.0033856482273451434,16.90101599044481,16.9010159904448,10.0,9.0,1.0,-2.708340635477159,2.0,53.0,87.5,100.0,704.0,0.4053517021968991,4.0,1.8466164036078918,0.4688308589236215,1.3870590687290614,1.6325771481868574,1.7496929818959843,1.963732237317019,2.5000205819105377,01-01-2013,31-12-2015,2015-01-01,01-01-2016,31-12-2016,109,74,spectral,nearest_neighbors,-1,-1,0.8797241203386268,0.23265271905311596,0.1,Benjamini Yekutieli,48.0,0.1,0.5,12,12.0,0.0830116368098451,0.08138906938346148,0.0023416071353423696,0.02248843678465068,0.058443489251589056,0.10718297646894812,0.2874921934149721
0,2.0,0.04895615180882431,0.0019841087336987533,2.4813173595928384,2.4813173595928273,3.0,3.0,0.0,-2.367130258280464,4.0,29.0,100.0,100.0,727.5,0.40011826337089385,2.0,0.6078922406513457,0.22618120721258453,0.4479579752543676,0.5279251079528566,0.6078922406513457,0.6878593733498348,0.7678265060483239,2.0,0.1153043772886677,0.004829146597698529,15.160860335280123,15.160860335280123,5.0,5.0,0.0,-4.952638765567858,10.0,40.0,100.0,100.0,727.5,0.40011826337089385,2.0,1.550737788367592,0.2314766651846735,1.3870590687290614,1.4688984285483266,1.550737788367592,1.6325771481868574,1.7144165080061227,01-01-2013,31-12-2015,2015-01-01,01-01-2016,31-12-2016,109,78,spectral,nearest_neighbors,-1,-1,0.8932132436537027,0.22667149881292784,0.1,Benjamini Yekutieli,42.0,0.1,0.5,12,11.0,0.1463699568337986,0.19421765398661273,0.010009870835947213,0.04613084845090605,0.05632048060137365,0.134831492906761,0.6193207727764667
0,8.0,0.11065462343827878,0.0022244533879156782,6.392022328616773,6.392022328616775,14.0,10.0,4.0,-3.062019963757291,24.0,83.0,75.0,87.5,1248.125,0.41022566174237074,8.0,0.8001921074928044,0.5858138241992897,-0.023188866428126457,0.4286127317615723,0.7171889966459257,1.104841851493606,1.7512695524624295,8.0,0.12171713666080111,0.003908406487073336,12.941448778239447,12.94144877823944,16.0,16.0,0.0,-4.223161960584198,7.0,91.0,100.0,100.0,1248.125,0.4102256617423708,8.0,1.2306486302687676,0.5113141175417787,0.6077003046549747,0.9183519885551658,1.1673097452057966,1.4909121463586683,2.096910529694608,01-01-2013,31-12-2015,2015-01-01,01-01-2016,31-12-2016,109,82,spectral,nearest_neighbors,-1,-1,0.892142474828882,0.25345440451292234,0.1,Benjamini Yekutieli,45.0,0.1,0.5,12,9.0,0.063040983469772,0.09844803396049513,0.0003978754006897071,0.010009870835947213,0.04158185486561675,0.052616721131945786,0.31980316479665644
0,7.0,0.18483802921005482,0.0028283993667587706,14.033812770027847,14.033812770027843,14.0,12.0,2.0,-2.8837729303020034,18.0,92.0,85.71428571428571,100.0,1482.2857142857142,0.40278247627440417,7.0,1.6705462669160625,0.7736690582508186,0.3705770012831863,1.317534133067845,1.7512695524624295,2.202163388663106,2.53258227120492,7.0,0.13153170397290012,0.0028689551666604652,10.26475231308497,10.26475231308497,11.0,10.0,1.0,-2.799716797305959,6.0,86.0,85.71428571428571,85.71428571428571,1482.2857142857142,0.4027824762744042,7.0,0.914363628897913,0.8731973225078357,-0.8544693752541296,0.7926901530148434,0.9991382186570021,1.4086200616756557,1.8532561295015204,01-01-2013,31-12-2015,2015-01-01,01-01-2016,31-12-2016,109,86,spectral,nearest_neighbors,-1,-1,0.9077731357935994,0.23441458266047677,0.1,Benjamini Yekutieli,37.0,0.1,0.5,12,10.0,0.11156368312833684,0.1780767580890705,0.014389846069529876,0.05116406181013296,0.05562658035451581,0.08295278985896401,0.6131017837146735
0,25.0,0.1542896730958437,0.0027071694692575436,11.056668362384382,11.056668362384393,63.0,51.0,12.0,-2.449387927698477,43.0,110.0,84.83333333333331,84.0,924.24,0.36948783997365553,25.0,1.0457460144426665,0.946160803035581,-0.7291011581041007,0.4881222346208678,1.015662721884491,1.7280511584234468,2.5325000662764254,25.0,0.08574613035682255,0.00471908836922192,10.907020826632282,10.907020826632285,61.0,48.0,13.0,-6.795819880231596,10.0,94.0,77.56410256410255,72.0,924.24,0.36948783997365553,25.0,0.8481729363441164,1.2778546824099353,-1.3909944519754693,-2.0713641433658995e-05,0.90938700778003,1.2431674749211787,4.744320957771939,01-01-2013,31-12-2015,2015-01-01,01-01-2016,31-12-2016,109,14,optics,cosine,-1,-1,0.44871632386939414,0.30535695160008364,0.1,Benjamini Yekutieli,168.0,0.1,0.5,12,38.0,0.06892495332794839,0.10544436310141113,0.0006959260548662252,0.027730168734239533,0.046675456357615226,0.08667207406789423,0.663876633253686
0,55.0,0.21338446893423538,0.0020689550720446445,11.766645616000442,11.76664561600045,177.0,148.0,29.0,-0.9883381165927405,22.0,99.0,84.83333333333331,83.63636363636364,1595.2,0.36755134332225203,55.0,1.20471968943659,1.0539415143688573,-0.7291011581041007,0.47940444739469434,1.1108529335278547,2.024507042838478,3.5317291209699957,55.0,0.2532899006347519,0.0011333652628393962,7.858917121922926,7.858917121922926,124.0,93.0,31.0,-0.8142945263761551,0.0,96.0,73.05318138651471,76.36363636363636,1595.2,0.3675513433222519,55.0,0.8832724322986659,1.211705514489064,-1.3909944519754693,0.002284757165264812,1.0237500954307994,1.6030788396055078,4.744320957771939,01-01-2013,31-12-2015,2015-01-01,01-01-2016,31-12-2016,109,10,optics,euclidean,-1,-1,0.3713709744671309,0.2585350152300127,0.1,Benjamini Yekutieli,196.0,0.1,0.5,12,77.0,0.04742259739495538,0.043407151678744586,0.0006669132065064598,0.01365042606929801,0.033187406561808255,0.08171787572339378,0.17372737027923119
0,43.0,0.18397672919918237,0.0025711815481674724,12.62721019952385,12.62721019952384,162.0,136.0,26.0,-1.2569972856208387,0.0,105.0,86.12403100775194,83.72093023255815,1333.2790697674418,0.3533394634008816,43.0,1.2763424392004048,1.0874898980343999,-0.7291011581041007,0.6166559769999844,1.133503313993781,2.1764548601449727,3.5317291209699957,43.0,0.206081782878175,0.0013185802377935194,7.434813353149139,7.434813353149128,99.0,71.0,28.0,-0.9766717717925003,0.0,102.0,71.30647130647131,74.4186046511628,1333.2790697674418,0.3533394634008816,43.0,0.859723133523152,1.29055048570802,-1.3909944519754693,-1.0356820716829498e-05,1.0237500954307994,1.567818333597523,4.744320957771939,01-01-2013,31-12-2015,2015-01-01,01-01-2016,31-12-2016,109,7,optics,euclidean,-1,-1,0.2288678662404542,0.17705291062979164,0.1,Benjamini Yekutieli,143.0,0.1,0.5,12,56.0,0.1322248394512844,0.24689741377885127,0.0006959260548662252,0.01361081210893537,0.03322489455494724,0.07084469212288089,0.942768310557472
0,64.0,0.4056503407556932,0.000996835098129525,11.111394977894136,11.111394977894129,200.0,153.0,47.0,-0.7513472964423626,6.0,83.0,77.55983875031494,87.5,659.03125,0.34898801682771163,64.0,1.1515610522919841,1.070792101304808,-1.1717913303210576,0.5845108309107924,1.1419889324162613,1.739781148826151,4.950990691243828,64.0,0.21702179837431196,0.0007616934327747082,5.214609548958071,5.214609548958071,80.0,60.0,20.0,-0.5879533971767911,21.0,99.0,70.76023391812865,65.625,659.03125,0.34898801682771163,64.0,0.49372001486904465,1.327386195313483,-1.9440869041373248,-0.5658671224661538,0.4792034422726119,1.4375835575787184,3.6277603939992824,01-01-2014,31-12-2016,2016-01-01,01-01-2017,31-12-2017,109,38,kmeans,euclidean,-1,-1,0.6775359835685563,0.4534845864910589,0.1,Benjamini Yekutieli,302.0,0.1,0.5,12,68.0,0.040508716308445936,0.0352107095793137,0.0008879659489499568,0.014576096105040529,0.03239370592254895,0.059595263753530664,0.19523613797772504
0,44.0,0.4201799416385787,0.0009612583012830388,11.099640282878843,11.099640282878841,146.0,114.0,32.0,-0.5870781388071438,9.0,84.0,79.76370851370851,86.36363636363636,575.9545454545455,0.3346658407850083,44.0,1.1148835174399503,1.1632032700739725,-1.1717913303210576,0.2289737191256064,1.1076548683369696,1.746302172266125,4.950990691243828,44.0,0.200178910997088,0.0007857829328156842,5.001896997781096,5.001896997781086,49.0,36.0,13.0,-0.4471128905651773,11.0,97.0,69.73684210526316,61.36363636363637,575.9545454545455,0.3346658407850082,44.0,0.5174057012097402,1.3861322401605332,-1.9440869041373248,-0.5658671224661538,0.5389125380978661,1.261032680519392,3.6277603939992824,01-01-2014,31-12-2016,2016-01-01,01-01-2017,31-12-2017,109,42,kmeans,euclidean,-1,-1,0.7146217701242285,0.4241628200465966,0.1,Benjamini Yekutieli,245.0,0.1,0.5,12,51.0,0.10037368939915084,0.19944612599457287,0.0019599130429324213,0.014943076362262124,0.03464648211700081,0.06779894382585668,0.8744799236069516
0,42.0,0.2687500770483403,0.0013798682664159902,10.160213072070121,10.160213072070112,128.0,96.0,32.0,-1.3314799227468297,6.0,95.0,76.75925925925925,85.71428571428571,676.1904761904761,0.3567619074863995,42.0,1.0688267727135585,1.1007389885561525,-1.1717913303210576,0.5727792275848671,1.0101752107469995,1.7182583332065244,4.950990691243828,42.0,0.19897906795634288,0.0009756298790482245,5.975776948277793,5.9757769482778,55.0,42.0,13.0,-0.7467003219193958,5.0,99.0,71.36752136752136,69.04761904761905,676.1904761904761,0.3567619074863995,42.0,0.6343344911461491,1.4085783646363672,-1.7986328702798768,-0.6118762954324797,0.5033530294183497,1.6165677792979294,3.6277603939992824,01-01-2014,31-12-2016,2016-01-01,01-01-2017,31-12-2017,109,46,kmeans,euclidean,-1,-1,0.730144227870363,0.40748250331632885,0.1,Benjamini Yekutieli,216.0,0.1,0.5,12,49.0,0.043843176408816,0.03861880796498333,0.0019746250691543756,0.014825222437988143,0.0390809991593394,0.05854785300087422,0.17660367730910143
0,31.0,0.25983784093145307,0.0012419611890239133,8.833153522132443,8.833153522132452,92.0,70.0,22.0,-0.8667295622254982,3.0,97.0,76.89964157706092,83.87096774193549,636.516129032258,0.33969528257137355,31.0,1.0690450696371616,1.1045276900538745,-1.0499773638698435,0.6109606981119944,1.0757034279620468,1.729783435526207,4.950990691243828,31.0,0.12408180447535865,0.0008195266754411621,3.5404042785358927,3.5404042785359024,35.0,25.0,10.0,-0.9419858939282776,31.0,107.0,66.07142857142857,61.29032258064516,636.516129032258,0.33969528257137344,31.0,0.4158001701806633,1.2783013287065312,-1.7986328702798768,-0.6641864169562777,0.0,1.535954602643577,2.9237896696664083,01-01-2014,31-12-2016,2016-01-01,01-01-2017,31-12-2017,109,50,kmeans,euclidean,-1,-1,0.7648213597074959,0.41741666074767836,0.1,Benjamini Yekutieli,167.0,0.1,0.5,12,34.0,0.08100421301356661,0.16869635230897986,0.005431363657911681,0.018672706647019876,0.04005832047001334,0.06340601165678454,0.8889210687167863
0,33.0,0.33444428009754534,0.0009852558561217965,9.029063290658154,9.029063290658158,115.0,89.0,26.0,-0.6255065078625981,7.0,93.0,78.67484367484367,84.84848484848484,486.3636363636364,0.31658854435221795,33.0,1.1180548511165198,1.1657588420265437,-1.0499773638698435,0.23073080103136198,1.0757034279620468,1.7331042770533256,4.950990691243828,33.0,0.1337596014452164,0.0005918849814025756,2.9589428310564827,2.958942831056488,33.0,23.0,10.0,-0.5460540946325471,23.0,103.0,65.51724137931035,57.57575757575758,486.3636363636364,0.3165885443522179,33.0,0.26231347970331487,1.2993694469783916,-1.9440869041373248,-0.6934919519969129,0.0,1.226888563733813,2.9237896696664083,01-01-2014,31-12-2016,2016-01-01,01-01-2017,31-12-2017,109,54,kmeans,euclidean,-1,-1,0.7776641897455113,0.3841657019217422,0.1,Benjamini Yekutieli,173.0,0.1,0.5,12,35.0,0.044271653362392166,0.041274463270948115,0.0019599130429324213,0.012667781397901494,0.0390809991593394,0.061786625438147766,0.18030653696884463
0,16.0,0.25307176707128753,0.0011964967399424997,8.288475122217157,8.288475122217154,57.0,41.0,16.0,-0.8209403668625082,3.0,98.0,79.0376984126984,87.5,530.625,0.30185359843133003,16.0,0.9962305149381742,0.9431469534204439,-1.0499773638698435,0.5775855384581424,1.1708353249589727,1.7241157237024667,2.3257535912193377,16.0,0.011584130195372652,0.0006946049957963044,1.128664803489933,1.1286648034899427,17.0,11.0,6.0,-0.9540330123457341,63.0,113.0,62.5,62.5,530.625,0.30185359843133,16.0,-0.15698299283653347,1.2872733549807707,-1.9440869041373248,-1.0207613763499086,-0.12218398545352892,0.842431651512586,1.858511508262781,01-01-2014,31-12-2016,2016-01-01,01-01-2017,31-12-2017,109,70,kmeans,euclidean,-1,-1,0.8550641278915035,0.3255892849455471,0.1,Benjamini Yekutieli,84.0,0.1,0.5,12,17.0,0.0547583876683289,0.07802982946944344,0.0019599130429324213,0.005511025164827334,0.0390809991593394,0.06892690493945614,0.33327164593107705
0,8.0,0.17468367917846755,0.005920867352659242,29.367603493016784,29.36760349301679,26.0,22.0,4.0,-6.777844577367335,33.0,94.0,89.88095238095238,100.0,695.75,0.38318824639281923,8.0,1.3521363772902593,1.0655360734605486,0.1060385698973057,0.500095862085137,1.2131540306601973,2.3121836989055113,2.6868643241854713,8.0,0.03635438200557763,0.005506397920584507,5.83071989054379,5.830719890543801,10.0,8.0,2.0,-10.223580294050013,16.0,71.0,75.0,75.0,695.75,0.3831882463928193,8.0,0.2752220664163584,1.5184756998472049,-1.9440869041373248,-0.4534213739753077,0.4045810589182322,1.5025492881547367,1.9636413557021062,01-01-2014,31-12-2016,2016-01-01,01-01-2017,31-12-2017,109,18,complete,cosine,-1,-1,0.558611266582265,0.45302072447534397,0.1,Benjamini Yekutieli,488.0,0.1,0.5,12,253.0,0.24209308614840816,0.23775593937594738,0.0008879659489499568,0.05372300060300256,0.15730831080893226,0.3851491112494773,0.9379492176863934
0,69.0,0.36642908507773925,0.0012772456497955299,12.904639889728033,12.904639889728031,208.0,165.0,43.0,-0.8284939403064014,6.0,88.0,81.68507016333103,91.30434782608695,765.9710144927536,0.3655889807127296,69.0,1.2565892834277383,1.0339143566740678,-1.1717913303210576,0.7653607451665905,1.2828507322270417,1.7904963667624414,4.950990691243828,69.0,0.27413396715805516,0.0009659912989061977,7.880513153579836,7.880513153579827,96.0,74.0,22.0,-0.7835020972623692,21.0,94.0,71.16402116402116,68.1159420289855,765.9710144927536,0.36558898071272955,69.0,0.6299791194967248,1.395266332278258,-1.9440869041373248,-0.14956863147741245,0.5089455691019826,1.6253975090314328,3.6277603939992824,01-01-2014,31-12-2016,2016-01-01,01-01-2017,31-12-2017,109,26,average,cosine,-1,-1,0.6065842399854959,0.4364787408187587,0.1,Benjamini Yekutieli,415.0,0.1,0.5,12,87.0,0.05442389329082216,0.06403163432681208,0.0008879659489499568,0.015652510385714424,0.03907304232158819,0.07060650709635202,0.396449328825761
0,6.0,0.21404948839525575,0.0021653745285510843,12.733845337576355,12.733845337576355,23.0,19.0,4.0,-1.9110973583865702,3.0,71.0,86.5079365079365,100.0,336.3333333333333,0.3331582180393883,6.0,1.331926047295272,1.147479423073298,0.1060385698973057,0.3463490468402888,1.2131540306601973,2.3394869647661563,2.6868643241854713,6.0,0.11117727876273749,0.002237450367335158,7.385147470462601,7.385147470462594,8.0,5.0,3.0,-3.8564833821056688,18.0,77.0,61.11111111111111,66.66666666666667,336.3333333333333,0.33315821803938833,6.0,0.2951436010508744,1.7239729907484902,-1.9440869041373248,-1.1789451693808686,1.0871256800041986,1.5362896855713954,1.7889882488496034,01-01-2014,31-12-2016,2016-01-01,01-01-2017,31-12-2017,109,30,complete,l1,-1,-1,0.6104703819628986,0.4318826784659112,0.1,Benjamini Yekutieli,449.0,0.1,0.5,12,223.0,0.2513334503522573,0.2376057133271134,0.0008879659489499568,0.04687315173746598,0.16490203782349633,0.40486579087131624,0.8815550939048094
0,37.0,0.35387610875009634,0.0014638768503166186,14.334872760439422,14.33487276043941,112.0,92.0,20.0,-1.2982430304422548,0.0,90.0,80.15444015444014,94.5945945945946,687.1621621621622,0.37286516698514205,37.0,1.3514541816610526,1.0538487016659803,-0.8411783654801096,0.6932037842670692,1.14437155612063,1.9330944970369373,4.950990691243828,37.0,0.1535843400959546,0.001167230177185645,5.574290969105848,5.574290969105844,43.0,35.0,8.0,-1.1570808087349072,5.0,108.0,77.97619047619047,62.16216216216216,687.1621621621622,0.372865166985142,37.0,0.38621324010089053,1.0854781822825101,-1.9440869041373248,-0.03260380488079433,0.0,1.2491348293699758,2.6803786512969636,01-01-2014,31-12-2016,2016-01-01,01-01-2017,31-12-2017,109,34,complete,euclidean,-1,-1,0.6285256968862153,0.4476014521536657,0.1,Benjamini Yekutieli,424.0,0.1,0.5,12,127.0,0.16110482857048145,0.22620076783442022,0.0008879659489499568,0.024335980132387768,0.05863886358533794,0.17946768249163217,0.8751406744347671
0,13.0,0.2189083711124386,0.0023177212985631174,13.975413150730033,13.97541315073003,45.0,34.0,11.0,-3.7128605892843245,0.0,98.0,74.54212454212454,92.3076923076923,598.0769230769231,0.356573537495008,13.0,1.1709057128173035,1.1221617526208156,-1.1717913303210576,0.5669134259219045,1.2659672219558986,1.9330944970369373,3.011928954574434,13.0,0.14222536647647596,0.0019644697000707517,8.233810062798996,8.233810062798996,24.0,20.0,4.0,-2.2986204708485616,17.0,111.0,79.48717948717947,84.61538461538461,598.0769230769231,0.356573537495008,13.0,0.543259520862044,1.3770978809012648,-1.9440869041373248,-0.09479933942964539,0.7671817254186162,1.6289693604310391,2.005864360112191,01-01-2014,31-12-2016,2016-01-01,01-01-2017,31-12-2017,109,42,average,euclidean,-1,-1,0.6612712856932266,0.4402536646739252,0.1,Benjamini Yekutieli,411.0,0.1,0.5,12,207.0,0.261777893752342,0.24062372553587116,0.0019599130429324213,0.05742697681193393,0.20735646098417826,0.38658449480866036,0.9891949937733427
0,4.0,0.1678267344294921,0.0025624742127995813,11.758370515791889,11.758370515791894,19.0,15.0,4.0,-2.458596674231504,14.0,56.0,79.76190476190476,100.0,198.75,0.28790420164136715,4.0,1.3359757966343069,1.0980791112995538,0.23073080103136198,0.5775855384581424,1.2131540306601973,1.9715442888363621,2.6868643241854713,4.0,-0.0025008149173321188,0.0012130024739276824,0.8344358751994352,0.8344358751994463,4.0,2.0,2.0,-2.824731140564982,24.0,59.0,50.0,50.0,198.75,0.28790420164136715,4.0,-0.3993724196107394,1.7368758316520856,-1.9440869041373248,-1.8567623267698536,-0.5302362044477069,0.9271537027114074,1.407069634589781,01-01-2014,31-12-2016,2016-01-01,01-01-2017,31-12-2017,109,46,single,cosine,-1,-1,0.6687593514827124,0.41045981596223846,0.1,Benjamini Yekutieli,450.0,0.1,0.5,12,159.0,0.2278613786970353,0.22511997810174392,0.0008879659489499568,0.03969909892342408,0.09874687082958011,0.41515602020514136,0.8399129502246245
0,4.0,0.1678267344294921,0.0025624742127995813,11.758370515791889,11.758370515791894,19.0,15.0,4.0,-2.458596674231504,14.0,56.0,79.76190476190476,100.0,198.75,0.28790420164136715,4.0,1.3359757966343069,1.0980791112995538,0.23073080103136198,0.5775855384581424,1.2131540306601973,1.9715442888363621,2.6868643241854713,4.0,-0.0025008149173321188,0.0012130024739276824,0.8344358751994352,0.8344358751994463,4.0,2.0,2.0,-2.824731140564982,24.0,59.0,50.0,50.0,198.75,0.28790420164136715,4.0,-0.3993724196107394,1.7368758316520856,-1.9440869041373248,-1.8567623267698536,-0.5302362044477069,0.9271537027114074,1.407069634589781,01-01-2014,31-12-2016,2016-01-01,01-01-2017,31-12-2017,109,54,single,l1,-1,-1,0.6890172989645902,0.3664090745525926,0.1,Benjamini Yekutieli,459.0,0.1,0.5,12,142.0,0.22485929409462377,0.25869917300301903,0.0008879659489499568,0.03842629952040751,0.084839807562517,0.36143918088297367,0.9078343182250367
0,6.0,0.16851866818557715,0.007813097198841558,38.311612530848954,38.31161253084896,23.0,19.0,4.0,-8.498644160182794,33.0,74.0,86.5079365079365,100.0,593.0,0.3526856866238801,6.0,1.6868613721091734,1.014054912778266,0.23073080103136198,0.9531789074636333,1.9844195759027212,2.465081347212301,2.6868643241854713,6.0,0.004027085331059175,0.007028998789445134,1.1202107952466938,1.12021079524669,6.0,4.0,2.0,-14.743219732116492,16.0,56.0,66.66666666666667,66.66666666666667,593.0,0.3526856866238801,6.0,-0.2584755122034738,1.3630211130519194,-1.9440869041373248,-1.369576547534456,0.023318302611057364,0.5858813921684242,1.407069634589781,01-01-2014,31-12-2016,2016-01-01,01-01-2017,31-12-2017,109,14,spectral,nearest_neighbors,-1,-1,0.49280013082826635,0.3648174329542415,0.1,Benjamini Yekutieli,464.0,0.1,0.5,12,206.0,0.22657190254104978,0.2162043066511478,0.0008879659489499568,0.03911520982251192,0.1766330161781739,0.341666269769454,0.87199250771796
0,55.0,0.2540110324611345,0.0018845023688706412,13.180454501577792,13.180454501577788,150.0,118.0,32.0,-1.3699793463101422,8.0,96.0,82.55555555555556,89.0909090909091,833.6545454545454,0.3722789544206841,55.0,1.2354085474366803,1.0328222896210157,-1.1717913303210576,0.7787694733251671,1.2659672219558986,1.8439152076672474,4.950990691243828,55.0,0.23662965712390066,0.0012640502036069274,8.807667592632416,8.807667592632406,81.0,62.0,19.0,-1.185071468051703,10.0,95.0,67.78846153846153,67.27272727272727,833.6545454545454,0.37227895442068404,55.0,0.6190983579498236,1.45276333730167,-1.8973470139577207,-0.5888717089493167,0.5089455691019826,1.535954602643577,3.6277603939992824,01-01-2014,31-12-2016,2016-01-01,01-01-2017,31-12-2017,109,18,spectral,nearest_neighbors,-1,-1,0.5932175814349445,0.39322689482708445,0.1,Benjamini Yekutieli,362.0,0.1,0.5,12,69.0,0.050387044710874684,0.04504618434095316,0.003931860522591385,0.02078828283558025,0.03830103048510088,0.07228610925324791,0.25943432222865503
0,52.0,0.33277950721763444,0.0018762800044015585,17.41868541000219,17.418685410002198,144.0,114.0,30.0,-1.0404826989675853,18.0,81.0,83.14814814814814,88.46153846153847,858.1730769230769,0.38216728953953116,52.0,1.3091280086933723,1.1364637759463134,-1.1717913303210576,0.77632373859502,1.3129846338788815,1.8794739864527332,4.950990691243828,52.0,0.22423389161449672,0.001484891450225393,9.7335598336308,9.7335598336308,77.0,61.0,16.0,-1.2202305175506978,17.0,91.0,73.12925170068027,73.07692307692308,858.1730769230769,0.38216728953953105,52.0,0.8029286081070443,1.3955553263646325,-1.7986328702798768,-0.10519846008825609,0.5481925380113648,1.6586558504583295,3.6277603939992824,01-01-2014,31-12-2016,2016-01-01,01-01-2017,31-12-2017,109,22,spectral,nearest_neighbors,-1,-1,0.633836523960778,0.413831652952169,0.1,Benjamini Yekutieli,297.0,0.1,0.5,12,65.0,0.06392962148161326,0.10593156416583561,0.0007119196470160931,0.020729867612492042,0.038107017685354024,0.06892690493945614,0.6710734181154471
0,47.0,0.3127467027546192,0.0014530620748393064,12.51110066099867,12.511100660998675,120.0,96.0,24.0,-0.8990638979167586,6.0,91.0,83.07666328942925,95.74468085106383,828.9787234042553,0.3853500483497081,47.0,1.2322210689600817,0.749916688519381,-0.5839254406488065,0.7364441479333743,1.3052174650138346,1.7782104624074968,2.6868643241854713,47.0,0.2705020716185157,0.0011341858106407674,9.022970019542706,9.022970019542708,60.0,49.0,11.0,-0.923469401233036,10.0,93.0,75.60975609756098,68.08510638297872,828.9787234042553,0.3853500483497081,47.0,0.7661683862948961,1.3969569928560495,-1.9440869041373248,-0.04126321025265042,0.5089455691019826,1.7092684236030218,3.546090815953045,01-01-2014,31-12-2016,2016-01-01,01-01-2017,31-12-2017,109,26,spectral,nearest_neighbors,-1,-1,0.6625392388495814,0.42023962519024205,0.1,Benjamini Yekutieli,259.0,0.1,0.5,12,68.0,0.09949433698966562,0.1617690350923135,0.0008879659489499568,0.01594830043530358,0.038759436148565175,0.08034082803873814,0.773661516723877
0,13.0,0.17721070085016516,0.002057832027746668,9.953556823784625,9.953556823784627,38.0,32.0,6.0,-1.56375928717009,7.0,94.0,87.36263736263737,100.0,625.2307692307693,0.3204468898176666,13.0,1.04090965069897,0.4534459023069605,0.23073080103136198,0.6932037842670692,1.0757034279620468,1.3052174650138346,1.7331042770533256,13.0,0.25365224587152496,0.0013323329969657772,9.86878097893526,9.868780978935266,20.0,17.0,3.0,-1.400172996736901,38.0,82.0,80.76923076923077,84.61538461538461,625.2307692307693,0.3204468898176666,13.0,0.6346846704531284,1.6897894446755175,-1.9440869041373248,-0.09479933942964539,0.46064639481050695,1.5677823892095157,3.4500154462716015,01-01-2014,31-12-2016,2016-01-01,01-01-2017,31-12-2017,109,30,spectral,nearest_neighbors,-1,-1,0.6988395583669319,0.38063887711532773,0.1,Benjamini Yekutieli,204.0,0.1,0.5,12,62.0,0.1398293646892162,0.19875451468716646,0.0019599130429324213,0.028424707379499557,0.06617070427070887,0.09952716606299399,0.821073238933791
0,23.0,0.19301216555103834,0.0021940256059500116,11.595475986678183,11.595475986678183,71.0,58.0,13.0,-1.6055590917781648,7.0,98.0,85.70738440303658,100.0,653.3913043478261,0.3442310459753043,23.0,1.220807284070431,0.5186315715994654,0.07243357583790888,0.9759051494049917,1.1396063087118926,1.7323703739414384,2.1291993550561275,23.0,0.2166964444239438,0.001115194286337394,7.247868537793462,7.247868537793467,30.0,24.0,6.0,-1.1703299090364283,19.0,90.0,76.19047619047619,73.91304347826087,653.3913043478261,0.34423104597530435,23.0,0.6634733243174507,1.2987536310928023,-1.9440869041373248,-0.04126321025265042,0.5089455691019826,1.463310234634439,3.4500154462716015,01-01-2014,31-12-2016,2016-01-01,01-01-2017,31-12-2017,109,34,spectral,nearest_neighbors,-1,-1,0.7188466367699579,0.36681254181843564,0.1,Benjamini Yekutieli,183.0,0.1,0.5,12,50.0,0.09354906101576038,0.17194004795180393,0.0019599130429324213,0.021409578988364587,0.05550556105196999,0.0890507954068265,0.9512637812528651
0,23.0,0.19323843822585554,0.0019504441520833752,10.303682838488653,10.303682838488658,69.0,55.0,14.0,-1.326128585322898,12.0,104.0,81.98067632850243,91.30434782608695,606.0434782608696,0.3495005265132227,23.0,1.1325265494879106,0.658506925808553,-0.3286607244999499,0.8259734045524592,1.14437155612063,1.681143408182162,2.1291993550561275,23.0,0.21058003617819188,0.0012239080465408496,7.679875429318168,7.6798754293181615,32.0,24.0,8.0,-1.1613669648849678,9.0,106.0,69.04761904761905,69.56521739130434,606.0434782608696,0.3495005265132227,23.0,0.6443702962201752,1.3482344797760548,-1.9440869041373248,-0.07236097752707595,0.46064639481050695,1.5799046090792106,3.448361173484233,01-01-2014,31-12-2016,2016-01-01,01-01-2017,31-12-2017,109,38,spectral,nearest_neighbors,-1,-1,0.7195479346132257,0.3512267364709758,0.1,Benjamini Yekutieli,178.0,0.1,0.5,12,52.0,0.09082982577238442,0.13214643887861094,0.0012934233144656611,0.02407853551370675,0.05758426218274118,0.0979390511784906,0.688896025348687
0,5.0,0.1831408974282468,0.0031418919284517165,15.87886775944726,15.878867759447267,20.0,15.0,5.0,-2.9187712973760194,0.0,80.0,73.80952380952381,100.0,218.2,0.2834902165996808,5.0,1.3691137047678386,0.5873497743207122,0.6932037842670692,0.9587430248378491,1.3052174650138346,1.7331042770533256,2.1552999726671134,5.0,0.09317145542792969,0.0018913652270693148,5.4574954170291194,5.457495417029112,7.0,5.0,2.0,-2.9639568770480995,31.0,75.0,73.33333333333333,80.0,218.2,0.2834902165996808,5.0,0.14031120741660857,1.4407591115483438,-1.9440869041373248,-0.09479933942964539,-0.03260380488079433,0.7671817254186162,2.005864360112191,01-01-2014,31-12-2016,2016-01-01,01-01-2017,31-12-2017,109,42,spectral,nearest_neighbors,-1,-1,0.739222531745582,0.3332940438292122,0.1,Benjamini Yekutieli,160.0,0.1,0.5,12,48.0,0.20819988744920895,0.2010145673512423,0.0019599130429324213,0.03888600699077977,0.09432739637608842,0.39912040190660775,0.6666534710148151
0,7.0,0.20261834139086246,0.002799421765635115,15.672551097784241,15.672551097784249,20.0,16.0,4.0,-2.3913417068928373,6.0,85.0,78.57142857142857,85.71428571428571,386.2857142857143,0.3159918477627974,7.0,1.2827938303361155,1.06891926026631,-0.3286607244999499,0.8456997942383724,1.14437155612063,1.7302587188404739,3.011928954574434,7.0,0.11924733938287146,0.001620186248174495,5.925735700414962,5.925735700414969,12.0,9.0,3.0,-2.4085547852187954,19.0,84.0,73.80952380952381,85.71428571428571,386.2857142857143,0.3159918477627974,7.0,0.6365398926776631,0.994702777761539,-0.6934919519969129,-0.07236097752707595,0.46064639481050695,1.4137412004360042,2.005864360112191,01-01-2014,31-12-2016,2016-01-01,01-01-2017,31-12-2017,109,46,spectral,nearest_neighbors,-1,-1,0.7731780301195716,0.3180224464099098,0.1,Benjamini Yekutieli,127.0,0.1,0.5,12,36.0,0.18756106489952734,0.22735617386291015,0.005181045274215708,0.03509616439068092,0.07211648208724579,0.3979265437002873,0.8877138566073153
0,15.0,0.2439405826166947,0.0018432943752759445,12.353556879396697,12.353556879396699,45.0,34.0,11.0,-1.6578907988475722,16.0,85.0,78.14814814814814,93.33333333333333,688.7333333333333,0.35752419433770893,15.0,1.2160357813427398,0.8146009868383787,-0.3286607244999499,0.7163248351066049,1.3207518027439282,1.7668383760360724,2.1552999726671134,15.0,0.2725921494808103,0.0013311366338361204,10.562516376458772,10.562516376458774,24.0,18.0,6.0,-1.092855371760685,2.0,86.0,71.1111111111111,80.0,688.7333333333333,0.357524194337709,15.0,0.8029422151729412,1.3554183054414386,-1.692630005026089,-0.07236097752707595,0.5163204895617143,1.7287198161121702,3.4500154462716015,01-01-2014,31-12-2016,2016-01-01,01-01-2017,31-12-2017,109,50,spectral,nearest_neighbors,-1,-1,0.7896695324115786,0.28378622408215115,0.1,Benjamini Yekutieli,111.0,0.1,0.5,12,34.0,0.10229110740640152,0.12785870880703737,0.005431363657911681,0.027629627773054565,0.05965656729774077,0.09677106013045857,0.5100291832914607
0,3.0,0.07721542967590475,0.004329806380072459,8.918870726803467,8.918870726803462,7.0,6.0,1.0,-3.7137599591646766,4.0,57.0,83.33333333333333,66.66666666666667,423.6666666666667,0.3550274561716979,3.0,0.5945666517366726,0.8374252688341531,-0.3286607244999499,0.23924124509809164,0.807143214696133,1.0561803398549838,1.3052174650138346,3.0,-0.06901182105404176,0.0018985996474928486,-2.3921114435919084,-2.3921114435919044,3.0,1.0,2.0,-3.720644958224032,39.0,63.0,33.333333333333336,33.333333333333336,423.6666666666667,0.3550274561716979,3.0,-0.716337246731065,0.633269685351247,-1.3607204487666367,-1.0271062003817748,-0.6934919519969129,-0.39414564571327915,-0.09479933942964539,01-01-2014,31-12-2016,2016-01-01,01-01-2017,31-12-2017,109,58,spectral,nearest_neighbors,-1,-1,0.8028560626986821,0.2716791182564115,0.1,Benjamini Yekutieli,101.0,0.1,0.5,12,35.0,0.24207828918890875,0.23452494048631567,0.0022171574008868667,0.05679711106196553,0.13318505644845602,0.4081766779632236,0.7919081919881737
0,11.0,0.19874813264365251,0.002348561151770365,12.817602957241577,12.817602957241569,32.0,24.0,8.0,-3.270402060228524,14.0,94.0,77.77777777777777,81.81818181818181,677.6363636363636,0.3833982484753282,11.0,1.0657714781820142,1.054055262042117,-0.3286607244999499,0.2680328843110945,0.807143214696133,1.7068668183661662,3.0738602396154993,11.0,0.17484689726076824,0.0016299461672425507,8.40638308663745,8.406383086637458,15.0,9.0,6.0,-1.0315035906248424,26.0,94.0,54.54545454545455,63.63636363636363,677.6363636363636,0.3833982484753282,11.0,0.569049763090005,1.5204874324802014,-1.3607204487666367,-0.46984280678653256,-0.049922615624506506,1.4921177945453976,3.448361173484233,01-01-2014,31-12-2016,2016-01-01,01-01-2017,31-12-2017,109,62,spectral,nearest_neighbors,-1,-1,0.8273804403069076,0.26323301800527055,0.1,Benjamini Yekutieli,84.0,0.1,0.5,12,26.0,0.15108619946206656,0.2029218320104003,0.0013688958376168198,0.028547139332563205,0.0673173717320731,0.09579753011603843,0.7176153447405917
0,4.0,0.08511157799365614,0.002678980834335141,6.183519216160757,6.18351921616076,9.0,7.0,2.0,-2.1793879550379107,28.0,67.0,79.16666666666666,75.0,499.25,0.32868569162518485,4.0,0.5997329895340036,0.7087629753604958,-0.3286607244999499,0.26555896346322266,0.7111876088110647,1.0453616348818455,1.3052174650138346,4.0,0.1287776334269683,0.002299450582516264,8.66852462256265,8.668524622562646,5.0,4.0,1.0,-3.1542630182234577,28.0,63.0,75.0,75.0,499.25,0.32868569162518485,4.0,0.46487088874740273,1.5067615329842146,-0.6934919519969129,-0.24447249257146228,-0.06370157215521986,0.6456418091636452,2.6803786512969636,01-01-2014,31-12-2016,2016-01-01,01-01-2017,31-12-2017,109,66,spectral,nearest_neighbors,-1,-1,0.8383855988478427,0.2341653025335884,0.1,Benjamini Yekutieli,75.0,0.1,0.5,12,22.0,0.09840479793555577,0.0928921199024353,0.005431363657911681,0.036542896419112944,0.07207018082326527,0.09579753011603843,0.31529408908230794
0,2.0,0.04216344588172079,0.004956393474607001,5.443697934713627,5.4436979347136205,4.0,3.0,1.0,-5.591474016405949,4.0,54.0,75.0,50.0,508.0,0.3914625206724137,2.0,0.23924124509809158,0.8031346675039432,-0.3286607244999499,-0.044709739700929174,0.23924124509809164,0.5231922298971123,0.807143214696133,2.0,-0.08878368432987768,0.0020950313044851834,-3.7439665106274003,-3.7439665106274056,2.0,0.0,2.0,-4.793480036711577,245.0,51.0,0.0,0.0,508.0,0.3914625206724137,2.0,-1.0271062003817748,0.4718017946667781,-1.3607204487666367,-1.1939133245742057,-1.0271062003817748,-0.8602990761893439,-0.6934919519969129,01-01-2014,31-12-2016,2016-01-01,01-01-2017,31-12-2017,109,70,spectral,nearest_neighbors,-1,-1,0.8648078093270963,0.24724464685327888,0.1,Benjamini Yekutieli,62.0,0.1,0.5,12,24.0,0.19598035852635767,0.23450786075210642,0.0022171574008868667,0.0553024815574151,0.08881187461981516,0.23843322983795606,0.8385342100845317
0,6.0,0.1581850831288603,0.003284149350736187,14.252550997783969,14.252550997783974,17.0,14.0,3.0,-4.521820127075562,16.0,90.0,80.0,100.0,869.1666666666666,0.418124233580261,6.0,1.1867329294556577,0.7463365173473265,0.22370247340833965,0.6635579240600569,1.1809527177932693,1.7311111693487828,2.1291993550561275,6.0,0.09723974532748368,0.002422781435707331,7.023428646141952,7.02342864614196,7.0,4.0,3.0,-1.8763451446525743,31.0,75.0,58.333333333333336,66.66666666666667,869.1666666666666,0.4181242335802611,6.0,0.6103932640558418,1.347359228043413,-1.3607204487666367,-0.11477752045419276,0.654457732217428,1.5587576517884152,2.2251628816994877,01-01-2014,31-12-2016,2016-01-01,01-01-2017,31-12-2017,109,82,spectral,nearest_neighbors,-1,-1,0.890897331026163,0.22600832474984706,0.1,Benjamini Yekutieli,49.0,0.1,0.5,12,15.0,0.0880126986638324,0.08272709062260479,0.0022171574008868667,0.03533400239035003,0.07592008725999407,0.1031383961026428,0.2772057894977681
0,24.0,0.19846492678088057,0.001952581217986878,10.598197178428435,10.598197178428425,50.0,37.0,13.0,-2.063034665869094,0.0,97.0,75.0,87.5,1008.375,0.4354475119075499,24.0,0.9568485452728482,0.8804663664882861,-0.6252600668540085,0.30146448321229896,0.9599306049451155,1.494160103210435,2.4691221276765747,24.0,0.12732601244557595,0.0019187843547274536,7.286978237810316,7.286978237810304,37.0,29.0,8.0,-1.5746249984775635,5.0,97.0,74.30555555555556,79.16666666666667,1008.375,0.43544751190755,24.0,0.4336274976392451,1.1833678021362903,-2.4102633019656636,-0.6060743028223101,0.4219373735593448,1.5695649363140447,2.005864360112191,01-01-2014,31-12-2016,2016-01-01,01-01-2017,31-12-2017,109,86,spectral,rbf,-1,-1,0.6058006788036583,0.48716493250034393,0.1,Benjamini Yekutieli,463.0,0.1,0.5,12,78.0,0.1701245061086027,0.2005871580332981,0.00012936256746897158,0.026083262626210926,0.08229916972002141,0.2645510890818738,0.8488160670180269
0,8.0,0.21870354733476452,0.002742989791296182,16.643642939949974,16.643642939949977,21.0,19.0,2.0,-2.6001399479554403,7.0,66.0,89.58333333333333,100.0,1054.125,0.42525268327222104,8.0,1.6349787715506563,0.6674136858792792,0.4636321927842802,1.4613802415117605,1.7607653114988966,1.9627896042248476,2.5316104112185864,8.0,0.25449040812360846,0.0026136221599812946,19.221243641450197,19.221243641450194,13.0,11.0,2.0,-2.0153078671857343,2.0,85.0,87.5,87.5,1054.125,0.42525268327222104,8.0,1.2859476803563448,1.854872583561662,-2.607842496855247,0.8988404947714326,1.4921177945453976,2.4514998787847952,3.4500154462716015,01-01-2014,31-12-2016,2016-01-01,01-01-2017,31-12-2017,109,90,spectral,nearest_neighbors,-1,-1,0.900953573131584,0.22305593325937037,0.1,Benjamini Yekutieli,45.0,0.1,0.5,12,14.0,0.10669570957736348,0.16584347369877492,0.009038324640027032,0.02910110560524938,0.050600746804955965,0.08594117065571208,0.6209037727103921
0,5.0,0.1099838761053497,0.003154065830385552,9.389184533105194,9.3891845331052,8.0,7.0,1.0,-3.3663932838535393,5.0,85.0,90.0,80.0,834.4,0.4181561453867106,5.0,0.8933584736342368,1.0463316782692664,-0.3286607244999499,0.4636321927842802,0.807143214696133,0.9930672739721343,2.5316104112185864,5.0,0.17176078108630286,0.0018231678053380919,9.168031957241322,9.168031957241318,6.0,4.0,2.0,-1.4948156800413457,13.0,49.0,60.0,60.0,834.4,0.4181561453867106,5.0,0.7504880378224883,1.9186421481359728,-1.3607204487666367,-0.6934919519969129,0.3106999581059941,2.6803786512969636,2.815573980473033,01-01-2014,31-12-2016,2016-01-01,01-01-2017,31-12-2017,109,94,spectral,nearest_neighbors,-1,-1,0.8949765356433595,0.2262767204519102,0.1,Benjamini Yekutieli,48.0,0.1,0.5,12,21.0,0.12159145248172684,0.12284202482634386,0.0022171574008868667,0.0455559514680532,0.07759664113050771,0.2065725262382917,0.4708583941837169
0,5.0,0.13923880675963307,0.0035746525909918243,13.59595198053628,13.595951980536292,15.0,13.0,2.0,-4.611173497727776,7.0,73.0,90.47619047619048,100.0,431.2,0.34970422448725696,5.0,1.2050345920276477,0.6750939283300856,0.3503936930896552,0.6932037842670692,1.307763772248409,1.7331042770533256,1.940707433479779,5.0,0.1586337671214477,0.0034754001851737635,15.762332793625347,15.762332793625355,6.0,5.0,1.0,-4.54007893892177,59.0,100.0,75.0,60.0,431.2,0.3497042244872569,5.0,0.852961720530504,2.020006836926505,-1.9440869041373248,0.0,0.7671817254186162,2.0942538111632683,3.34745997020796,01-01-2014,31-12-2016,2016-01-01,01-01-2017,31-12-2017,109,98,spectral,rbf,-1,-1,0.6227265975881882,0.4693197555754705,0.1,Benjamini Yekutieli,350.0,0.1,0.5,12,178.0,0.29525317340009033,0.222718332851128,0.0008730425189622596,0.07255891043924195,0.29606876194577125,0.46419502238714877,0.9070535393574874
0,3.0,0.05277812386152606,0.0029207969852382953,4.20428572849811,4.204285728498114,4.0,3.0,1.0,-2.9467656728163116,28.0,67.0,83.33333333333333,66.66666666666667,858.0,0.41541703049373385,3.0,0.4117840120801875,0.715930114793303,-0.3286607244999499,0.06748573414216513,0.4636321927842802,0.7820063803702562,1.1003805679562322,3.0,0.14770230320920177,0.0027525968699998304,11.700811147071889,11.700811147071889,4.0,3.0,1.0,-2.821768385247435,9.0,48.0,66.66666666666667,66.66666666666667,858.0,0.41541703049373385,3.0,0.7022940136109678,1.7606971686154889,-0.6934919519969129,-0.28674830523203004,0.11999534153285286,1.4001869964149083,2.6803786512969636,01-01-2014,31-12-2016,2016-01-01,01-01-2017,31-12-2017,109,98,spectral,nearest_neighbors,-1,-1,0.9019024895670981,0.22147202176186337,0.1,Benjamini Yekutieli,44.0,0.1,0.5,12,16.0,0.2147478810513495,0.2547937345330982,0.0032068686589074346,0.05251660639020604,0.0767583641952509,0.34681013323465637,0.8113316478714764
0,16.0,0.22378825905201036,0.001941927580009643,11.92418673996497,11.92418673996496,33.0,28.0,5.0,-2.4496911785076514,11.0,87.0,82.29166666666666,81.25,1139.0,0.4054271785888717,16.0,1.0014687082754863,1.041952958484913,-1.1337689233517505,0.570576974978038,1.12089477310562,1.5975942162786807,3.0738602396154993,16.0,0.29907988241516786,0.0013892307765386845,12.035821260650396,12.035821260650392,24.0,18.0,6.0,-1.328644897544636,10.0,106.0,71.875,75.0,1139.0,0.4054271785888717,16.0,0.7844430608937234,1.8099756710246047,-2.607842496855247,-0.43866513397614604,0.48957417346491094,2.368908233485288,3.4500154462716015,01-01-2014,31-12-2016,2016-01-01,01-01-2017,31-12-2017,109,102,spectral,nearest_neighbors,-1,-1,0.9163706250699026,0.22784984293502694,0.1,Benjamini Yekutieli,39.0,0.1,0.5,12,18.0,0.13659214785175686,0.25623107586083615,0.0032068686589074346,0.03671666865435629,0.05635861378106763,0.08272185421157063,0.9876443465815153
0,6.0,0.16057103790670646,0.0033870502397990547,14.952090716166866,14.952090716166877,15.0,14.0,1.0,-2.357575888748086,5.0,86.0,95.83333333333333,100.0,840.6666666666666,0.41752349895434865,6.0,1.446389031370704,0.195340830383236,1.1908236958413543,1.3142231305155827,1.4523652971210388,1.5763919724143276,1.6968699589816043,6.0,0.18413830587878963,0.002533609730274112,13.42258731365363,13.422587313653622,7.0,7.0,0.0,-2.0761209777794236,7.0,95.0,100.0,83.33333333333333,840.6666666666666,0.4175234989543486,6.0,1.227401617110654,1.165155509361394,-0.09479933942964539,0.29743893336272526,1.2194452814104384,1.9348883346051555,2.856845642922478,01-01-2014,31-12-2016,2016-01-01,01-01-2017,31-12-2017,109,110,spectral,rbf,-1,-1,0.7136438318940261,0.41599097368053417,0.1,Benjamini Yekutieli,201.0,0.1,0.5,12,76.0,0.19700841408032826,0.19260371899519857,0.0005669531892582856,0.05368769397863532,0.09395473500020216,0.31447344733538657,0.703768525010622
0,19.0,0.2362568973294999,0.003539317616321593,23.682159491545818,23.682159491545818,58.0,45.0,13.0,-2.631891395067683,18.0,106.0,85.1545530492899,100.0,925.6842105263158,0.3798944418237587,19.0,1.3406718637910418,0.8003988534421265,0.0013993826616518937,0.7292822647168298,1.554296959933056,1.8439152076672474,2.5415301713656957,19.0,0.11591450994349597,0.00297145802429752,9.968850384569706,9.968850384569716,28.0,22.0,6.0,-3.533718543677654,16.0,86.0,71.05263157894737,73.6842105263158,925.6842105263158,0.37989444182375876,19.0,0.42492983056879857,1.5628505356631262,-1.9440869041373248,-0.7029358125176307,0.021181112960827215,1.350476077195119,3.4500154462716015,01-01-2014,31-12-2016,2016-01-01,01-01-2017,31-12-2017,109,12,optics,cosine,-1,-1,0.3645852127938578,0.2615087312132919,0.1,Benjamini Yekutieli,186.0,0.1,0.5,12,44.0,0.15068732781551483,0.23507819292133925,0.0016176697977048373,0.024914166190072244,0.06352520548498272,0.09148529110660249,0.8251297049468586
0,28.0,0.24645176290714343,0.0027794649346437037,19.151641037895576,19.151641037895573,86.0,69.0,17.0,-1.7323580278068986,18.0,98.0,84.56916099773242,100.0,855.2857142857143,0.3733505962812976,28.0,1.3387327874484607,0.7582448462910351,-0.021634704824098083,0.9103974549200344,1.3129846338788815,1.8030641947151185,2.6868643241854713,28.0,0.11603578050524983,0.0020486213141843552,7.109432423214407,7.109432423214401,37.0,30.0,7.0,-2.416728498895875,16.0,99.0,75.92592592592592,75.0,855.2857142857143,0.3733505962812976,28.0,0.46667788998345133,1.3356129084975101,-1.9440869041373248,-0.2890467280285914,0.18814370993202367,1.4472478232447148,3.4500154462716015,01-01-2014,31-12-2016,2016-01-01,01-01-2017,31-12-2017,109,10,optics,cosine,-1,-1,0.3433854670859116,0.24310658490684126,0.1,Benjamini Yekutieli,168.0,0.1,0.5,12,56.0,0.16388174346426168,0.2065456641535089,0.0008879659489499568,0.021445728633987294,0.050717132206301606,0.2968317682554657,0.8363990113847315
